{
  "protocol_id": "quality_profitability_v1",
  "gate": "4A",
  "consumed_fold_series": {
    "C1_GPA": {
      "0": 0.4131276336317846,
      "1": 0.0550111690843075,
      "2": -0.00036994733748693675,
      "3": -0.19362233556697703,
      "4": 0.12835149983748373,
      "5": -0.4686263114385183,
      "6": 0.054559990537316645,
      "7": -0.32531740989037694,
      "8": 0.1920132921850586,
      "9": -0.16665188805719908,
      "10": 0.13728118030623623,
      "11": 0.013586574353969939,
      "12": -0.1739675930500694,
      "13": -0.0029648831142239833,
      "14": -0.04069740767473859,
      "15": -0.1307304964734905,
      "16": -0.22696218779567795,
      "17": 0.181130397817396,
      "18": -0.18959000796326414
    },
    "C2_PROF": {
      "0": 0.33272835772308584,
      "1": -0.011767928536608768,
      "2": -0.05833742586112813,
      "3": -0.17130564967202216,
      "4": -0.013813214512136384,
      "5": -0.2842838539981717,
      "6": 0.03347266996923725,
      "7": -0.2101579622470459,
      "8": 0.15065656868540717,
      "9": -0.11913153841530001,
      "10": -0.045267955323143635,
      "11": 0.049859638715134325,
      "12": -0.03547681289430269,
      "13": -0.08998864049502647,
      "14": -0.043212070939126164,
      "15": 0.0016443634871004698,
      "16": -0.2381743159163201,
      "17": 0.12706889397972518,
      "18": -0.1602759098384195
    },
    "C3_cash_based_OP": {
      "0": 0.3781964841076317,
      "1": 0.04804647861393895,
      "2": 0.08609161995413614,
      "3": -0.18716826846911108,
      "4": 0.19123446049397586,
      "5": -0.35114270767073047,
      "6": -0.02203240759575438,
      "7": -0.21531499016300457,
      "8": 0.13962278132820186,
      "9": -0.010165303181658408,
      "10": -0.036602660471230404,
      "11": -0.03858770796531911,
      "12": -0.16883517274672916,
      "13": -0.005070022022431433,
      "14": 0.048811615438443194,
      "15": -0.06079158552448148,
      "16": -0.19953311763817427,
      "17": 0.1542307968313303,
      "18": -0.2295582909879812
    },
    "C1_from_2018": {
      "-4": 0.1504398856004241,
      "-3": 0.11733062033326927,
      "-2": 0.08990789754393388,
      "-1": 0.20142097228841283,
      "0": 0.4131276336317846,
      "1": 0.0550111690843075,
      "2": -0.00036994733748693675,
      "3": -0.19362233556697703,
      "4": 0.12835149983748373,
      "5": -0.4686263114385183,
      "6": 0.054559990537316645,
      "7": -0.32531740989037694,
      "8": 0.1920132921850586,
      "9": -0.16665188805719908,
      "10": 0.13728118030623623,
      "11": 0.013586574353969939,
      "12": -0.1739675930500694,
      "13": -0.0029648831142239833,
      "14": -0.04069740767473859,
      "15": -0.1307304964734905,
      "16": -0.22696218779567795,
      "17": 0.181130397817396,
      "18": -0.18959000796326414
    },
    "holding_semiannual": {
      "0": 0.29064671816084225,
      "2": -0.11564091335669785,
      "4": -0.28146354875287677,
      "6": -0.26361521647821445,
      "8": 0.05327431568812827,
      "10": 0.10752609320050599,
      "12": -0.1295556178764577,
      "14": -0.11707633339520594,
      "16": -0.13961660410088697
    },
    "holding_annual": {
      "0": 0.12657296336121734,
      "4": -0.33642142014094994,
      "8": 0.101735197177874,
      "12": -0.15482413410305737
    },
    "st_off": {
      "0": 0.4131276336317846,
      "1": 0.0550111690843075,
      "2": -0.00036994733748693675,
      "3": -0.19362233556697703,
      "4": 0.12835149983748373,
      "5": -0.4686263114385183,
      "6": 0.054559990537316645,
      "7": -0.32531740989037694,
      "8": 0.1920132921850586,
      "9": -0.16665188805719908,
      "10": 0.13728118030623623,
      "11": 0.013586574353969939,
      "12": -0.1739675930500694,
      "13": -0.0029648831142239833,
      "14": -0.04069740767473859,
      "15": -0.1307304964734905,
      "16": -0.22696218779567795,
      "17": 0.181130397817396,
      "18": -0.18959000796326414
    },
    "size_decile_variants": {
      "0": 0.4146801598142816,
      "1": 0.030581003022160234,
      "2": -0.004241633481377913,
      "3": -0.20001499034395556,
      "4": 0.1249079513929717,
      "5": -0.48670294691738464,
      "6": 0.06466355325768453,
      "7": -0.33246767959410545,
      "8": 0.19182443998141965,
      "9": -0.1747612787305448,
      "10": 0.1318711027294371,
      "11": 0.031392686696653585,
      "12": -0.15985872755419445,
      "13": 0.011913290599002325,
      "14": -0.0382807368080822,
      "15": -0.11345471436287224,
      "16": -0.2199792976802618,
      "17": 0.15281424641214492,
      "18": -0.2157632112925221
    },
    "exclude_fold_0": {
      "1": 0.0550111690843075,
      "2": -0.00036994733748693675,
      "3": -0.19362233556697703,
      "4": 0.12835149983748373,
      "5": -0.4686263114385183,
      "6": 0.054559990537316645,
      "7": -0.32531740989037694,
      "8": 0.1920132921850586,
      "9": -0.16665188805719908,
      "10": 0.13728118030623623,
      "11": 0.013586574353969939,
      "12": -0.1739675930500694,
      "13": -0.0029648831142239833,
      "14": -0.04069740767473859,
      "15": -0.1307304964734905,
      "16": -0.22696218779567795,
      "17": 0.181130397817396,
      "18": -0.18959000796326414
    }
  },
  "verdict": {
    "per_trial_t": {
      "C1_GPA": -0.8205,
      "C2_PROF": -1.2269,
      "C3_cash_based_OP": -0.6248,
      "C1_from_2018": -0.1919,
      "holding_semiannual": -1.0775,
      "holding_annual": -0.5955,
      "st_off": -0.8205,
      "size_decile_variants": -0.8654,
      "exclude_fold_0": -1.498
    },
    "per_trial_n": {
      "C1_GPA": 19,
      "C2_PROF": 19,
      "C3_cash_based_OP": 19,
      "C1_from_2018": 23,
      "holding_semiannual": 9,
      "holding_annual": 4,
      "st_off": 19,
      "size_decile_variants": 19,
      "exclude_fold_0": 18
    },
    "max_t_trial": "C1_from_2018",
    "max_t_observed": -0.1919,
    "bootstrap_bar_q95": 14.4851,
    "t_floor": 2.85,
    "block": 4,
    "n_boot": 10000,
    "seed": 20260716,
    "one_sided": "positive",
    "n_redraws": 564,
    "passing_trials": [],
    "family_verdict_input": "CLEAN_NEGATIVE",
    "artifact_dirs": {
      "C1_GPA": "C1_GPA_20260715T140736Z",
      "C2_PROF": "C2_PROF_20260715T151441Z",
      "C3_cash_based_OP": "C3_cash_based_OP_20260715T151551Z",
      "C1_from_2018": "C1_GPA_C1_from_2018_20260716T010952Z",
      "holding_semiannual": "C1_GPA_holding_semiannual_20260716T011020Z",
      "holding_annual": "C1_GPA_holding_annual_20260716T011047Z",
      "st_off": "C1_GPA_st_off_20260716T011116Z",
      "size_decile_variants": "C1_GPA_size_decile_variants_20260716T011145Z"
    },
    "derived": {
      "exclude_fold_0": "C1_GPA minus fold 0 (E018)"
    }
  }
}